{
  "id": "2236430",
  "name": "Test01",
  "font_family": "iconfont",
  "css_prefix_text": "icon-",
  "description": "",
  "glyphs": [
    {
      "icon_id": "405747",
      "name": "weixin",
      "font_class": "weixin",
      "unicode": "e6b1",
      "unicode_decimal": 59057
    },
    {
      "icon_id": "599927",
      "name": "微博",
      "font_class": "weibo",
      "unicode": "e66b",
      "unicode_decimal": 58987
    },
    {
      "icon_id": "1000860",
      "name": "qq",
      "font_class": "qq",
      "unicode": "e62e",
      "unicode_decimal": 58926
    },
    {
      "icon_id": "1142238",
      "name": "密码",
      "font_class": "mima",
      "unicode": "e608",
      "unicode_decimal": 58888
    },
    {
      "icon_id": "11495060",
      "name": "验证码",
      "font_class": "yanzhengma",
      "unicode": "e66d",
      "unicode_decimal": 58989
    },
    {
      "icon_id": "554169",
      "name": "用户",
      "font_class": "iconset01100",
      "unicode": "e663",
      "unicode_decimal": 58979
    }
  ]
}
