{
  "id": "2236430",
  "name": "Test01",
  "font_family": "iconfont",
  "css_prefix_text": "icon-",
  "description": "",
  "glyphs": [
    {
      "icon_id": "10156384",
      "name": "最大化",
      "font_class": "zuidahua",
      "unicode": "e653",
      "unicode_decimal": 58963
    },
    {
      "icon_id": "14421260",
      "name": "最小化",
      "font_class": "zuixiaohua_huaban1",
      "unicode": "e65d",
      "unicode_decimal": 58973
    },
    {
      "icon_id": "14478390",
      "name": "关  闭",
      "font_class": "guanbi",
      "unicode": "e61a",
      "unicode_decimal": 58906
    },
    {
      "icon_id": "405747",
      "name": "weixin",
      "font_class": "weixin",
      "unicode": "e6b1",
      "unicode_decimal": 59057
    },
    {
      "icon_id": "599927",
      "name": "微博",
      "font_class": "weibo",
      "unicode": "e66b",
      "unicode_decimal": 58987
    },
    {
      "icon_id": "1000860",
      "name": "qq",
      "font_class": "qq",
      "unicode": "e62e",
      "unicode_decimal": 58926
    },
    {
      "icon_id": "1142238",
      "name": "密码",
      "font_class": "mima",
      "unicode": "e608",
      "unicode_decimal": 58888
    },
    {
      "icon_id": "11495060",
      "name": "验证码",
      "font_class": "yanzhengma",
      "unicode": "e66d",
      "unicode_decimal": 58989
    },
    {
      "icon_id": "554169",
      "name": "用户",
      "font_class": "iconset01100",
      "unicode": "e663",
      "unicode_decimal": 58979
    }
  ]
}
